text,label
"BREAKING!!! Minum air rebusan daun ini sembuhkan kanker dalam 3 hari, dokter tidak mau kamu tahu! SEBARKAN",1
"Vaksin mengandung chip pelacak dari pemerintah, share sebelum dihapus!",1
"Awas! Listrik akan padam total se-Jawa selama 3 hari besok, harap isi daya dan sebarkan ke semua grup",1
"Pemerintah bagi-bagi uang Rp5 juta untuk semua warga, klik link ini untuk daftar sekarang",1
"Makan bawang putih mentah setiap pagi menyebabkan kebal virus, terbukti 100% menurut peneliti luar negeri",1
"Gempa besar Jakarta akan terjadi malam ini kata paranormal, segera mengungsi!",1
"Wortel dan air kelapa bisa menggantikan cuci darah, ginjal sembuh total tanpa obat",1
"Foto ini bukti banjir bandang hari ini padahal itu kejadian tahun lalu di negara lain, viralkan!",1
"Presiden dikabarkan mundur besok pagi, sumber rahasia dalam istana bocorkan dokumen",1
"Kartu ATM akan diblokir hari ini, kirim kode OTP ke nomor ini untuk verifikasi",1
"Air lemon hangat pagi hari membunuh semua sel kanker, rumah sakit menyembunyikan fakta ini",1
"Uang kertas baru mengandung zat berbahaya, jangan disentuh dan sebarkan peringatan ini",1
"BMKG mencatat curah hujan tinggi di wilayah Jabodetabek dan mengimbau warga waspada banjir",0
"Kementerian Kesehatan memulai program imunisasi lanjutan di puskesmas seluruh daerah pekan ini",0
"Bank Indonesia mempertahankan suku bunga acuan pada rapat dewan gubernur bulan ini",0
"Badan Pusat Statistik merilis data inflasi bulanan yang naik tipis dibanding bulan sebelumnya",0
"Tim nasional sepak bola Indonesia menang 2-1 atas lawannya dalam laga kualifikasi semalam",0
"Pemerintah daerah membuka pendaftaran beasiswa mahasiswa melalui laman resmi hingga akhir bulan",0
"PLN menginformasikan pemeliharaan jaringan listrik terjadwal di sebagian wilayah pada Minggu pagi",0
"Universitas Gadjah Mada mengumumkan jadwal wisuda periode ini melalui situs resmi kampus",0
"Harga beras di pasar tradisional relatif stabil menurut pantauan dinas perdagangan setempat",0
"Kepolisian menangkap tersangka penipuan online setelah laporan dari sejumlah korban",0
"Dinas perhubungan menambah armada bus kota untuk mengurangi kemacetan saat jam sibuk",0
"Peneliti LIPI menerbitkan hasil studi keanekaragaman hayati di kawasan hutan Kalimantan",0
